sym_generic	real	?
sym_generic	rational	?
sym_generic	integer	?
sym_generic	positive	?
sym_generic	negative	?
sym_generic	zero	?
sym_generic	nonzero	?
sym_generic	nonnegative	?
sym_generic	nonpositive	?
sym_generic	finite	?
sym_generic	even	?
sym_generic	odd	?
sym_generic	complex	?
sym_generic	imaginary	?
sym_generic	prime	?
sym_generic	composite	?
sym_generic	irrational	?
sym_generic	algebraic	?
sym_generic	transcendental	?
sym_generic	extended_real	?
sym_generic	infinite	?
sym_generic	extended_positive	?
sym_generic	extended_negative	?
sym_generic	extended_nonnegative	?
sym_generic	extended_nonpositive	?
sym_generic	hermitian	?
sym_generic	antihermitian	?
sym_generic	commutative	T
sym_real	real	T
sym_real	rational	?
sym_real	integer	?
sym_real	positive	?
sym_real	negative	?
sym_real	zero	?
sym_real	nonzero	?
sym_real	nonnegative	?
sym_real	nonpositive	?
sym_real	finite	T
sym_real	even	?
sym_real	odd	?
sym_real	complex	T
sym_real	imaginary	F
sym_real	prime	?
sym_real	composite	?
sym_real	irrational	?
sym_real	algebraic	?
sym_real	transcendental	?
sym_real	extended_real	T
sym_real	infinite	F
sym_real	extended_positive	?
sym_real	extended_negative	?
sym_real	extended_nonnegative	?
sym_real	extended_nonpositive	?
sym_real	hermitian	T
sym_real	antihermitian	?
sym_real	commutative	T
sym_positive	real	T
sym_positive	rational	?
sym_positive	integer	?
sym_positive	positive	T
sym_positive	negative	F
sym_positive	zero	F
sym_positive	nonzero	T
sym_positive	nonnegative	T
sym_positive	nonpositive	F
sym_positive	finite	T
sym_positive	even	?
sym_positive	odd	?
sym_positive	complex	T
sym_positive	imaginary	F
sym_positive	prime	?
sym_positive	composite	?
sym_positive	irrational	?
sym_positive	algebraic	?
sym_positive	transcendental	?
sym_positive	extended_real	T
sym_positive	infinite	F
sym_positive	extended_positive	T
sym_positive	extended_negative	F
sym_positive	extended_nonnegative	T
sym_positive	extended_nonpositive	F
sym_positive	hermitian	T
sym_positive	antihermitian	?
sym_positive	commutative	T
sym_negative	real	T
sym_negative	rational	?
sym_negative	integer	?
sym_negative	positive	F
sym_negative	negative	T
sym_negative	zero	F
sym_negative	nonzero	T
sym_negative	nonnegative	F
sym_negative	nonpositive	T
sym_negative	finite	T
sym_negative	even	?
sym_negative	odd	?
sym_negative	complex	T
sym_negative	imaginary	F
sym_negative	prime	F
sym_negative	composite	F
sym_negative	irrational	?
sym_negative	algebraic	?
sym_negative	transcendental	?
sym_negative	extended_real	T
sym_negative	infinite	F
sym_negative	extended_positive	F
sym_negative	extended_negative	T
sym_negative	extended_nonnegative	F
sym_negative	extended_nonpositive	T
sym_negative	hermitian	T
sym_negative	antihermitian	?
sym_negative	commutative	T
sym_nonnegative	real	T
sym_nonnegative	rational	?
sym_nonnegative	integer	?
sym_nonnegative	positive	?
sym_nonnegative	negative	F
sym_nonnegative	zero	?
sym_nonnegative	nonzero	?
sym_nonnegative	nonnegative	T
sym_nonnegative	nonpositive	?
sym_nonnegative	finite	T
sym_nonnegative	even	?
sym_nonnegative	odd	?
sym_nonnegative	complex	T
sym_nonnegative	imaginary	F
sym_nonnegative	prime	?
sym_nonnegative	composite	?
sym_nonnegative	irrational	?
sym_nonnegative	algebraic	?
sym_nonnegative	transcendental	?
sym_nonnegative	extended_real	T
sym_nonnegative	infinite	F
sym_nonnegative	extended_positive	?
sym_nonnegative	extended_negative	F
sym_nonnegative	extended_nonnegative	T
sym_nonnegative	extended_nonpositive	?
sym_nonnegative	hermitian	T
sym_nonnegative	antihermitian	?
sym_nonnegative	commutative	T
sym_nonpositive	real	T
sym_nonpositive	rational	?
sym_nonpositive	integer	?
sym_nonpositive	positive	F
sym_nonpositive	negative	?
sym_nonpositive	zero	?
sym_nonpositive	nonzero	?
sym_nonpositive	nonnegative	?
sym_nonpositive	nonpositive	T
sym_nonpositive	finite	T
sym_nonpositive	even	?
sym_nonpositive	odd	?
sym_nonpositive	complex	T
sym_nonpositive	imaginary	F
sym_nonpositive	prime	F
sym_nonpositive	composite	F
sym_nonpositive	irrational	?
sym_nonpositive	algebraic	?
sym_nonpositive	transcendental	?
sym_nonpositive	extended_real	T
sym_nonpositive	infinite	F
sym_nonpositive	extended_positive	F
sym_nonpositive	extended_negative	?
sym_nonpositive	extended_nonnegative	?
sym_nonpositive	extended_nonpositive	T
sym_nonpositive	hermitian	T
sym_nonpositive	antihermitian	?
sym_nonpositive	commutative	T
sym_nonzero	real	T
sym_nonzero	rational	?
sym_nonzero	integer	?
sym_nonzero	positive	?
sym_nonzero	negative	?
sym_nonzero	zero	F
sym_nonzero	nonzero	T
sym_nonzero	nonnegative	?
sym_nonzero	nonpositive	?
sym_nonzero	finite	T
sym_nonzero	even	?
sym_nonzero	odd	?
sym_nonzero	complex	T
sym_nonzero	imaginary	F
sym_nonzero	prime	?
sym_nonzero	composite	?
sym_nonzero	irrational	?
sym_nonzero	algebraic	?
sym_nonzero	transcendental	?
sym_nonzero	extended_real	T
sym_nonzero	infinite	F
sym_nonzero	extended_positive	?
sym_nonzero	extended_negative	?
sym_nonzero	extended_nonnegative	?
sym_nonzero	extended_nonpositive	?
sym_nonzero	hermitian	T
sym_nonzero	antihermitian	?
sym_nonzero	commutative	T
sym_integer	real	T
sym_integer	rational	T
sym_integer	integer	T
sym_integer	positive	?
sym_integer	negative	?
sym_integer	zero	?
sym_integer	nonzero	?
sym_integer	nonnegative	?
sym_integer	nonpositive	?
sym_integer	finite	T
sym_integer	even	?
sym_integer	odd	?
sym_integer	complex	T
sym_integer	imaginary	F
sym_integer	prime	?
sym_integer	composite	?
sym_integer	irrational	F
sym_integer	algebraic	T
sym_integer	transcendental	F
sym_integer	extended_real	T
sym_integer	infinite	F
sym_integer	extended_positive	?
sym_integer	extended_negative	?
sym_integer	extended_nonnegative	?
sym_integer	extended_nonpositive	?
sym_integer	hermitian	T
sym_integer	antihermitian	?
sym_integer	commutative	T
sym_rational	real	T
sym_rational	rational	T
sym_rational	integer	?
sym_rational	positive	?
sym_rational	negative	?
sym_rational	zero	?
sym_rational	nonzero	?
sym_rational	nonnegative	?
sym_rational	nonpositive	?
sym_rational	finite	T
sym_rational	even	?
sym_rational	odd	?
sym_rational	complex	T
sym_rational	imaginary	F
sym_rational	prime	?
sym_rational	composite	?
sym_rational	irrational	F
sym_rational	algebraic	T
sym_rational	transcendental	F
sym_rational	extended_real	T
sym_rational	infinite	F
sym_rational	extended_positive	?
sym_rational	extended_negative	?
sym_rational	extended_nonnegative	?
sym_rational	extended_nonpositive	?
sym_rational	hermitian	T
sym_rational	antihermitian	?
sym_rational	commutative	T
sym_even	real	T
sym_even	rational	T
sym_even	integer	T
sym_even	positive	?
sym_even	negative	?
sym_even	zero	?
sym_even	nonzero	?
sym_even	nonnegative	?
sym_even	nonpositive	?
sym_even	finite	T
sym_even	even	T
sym_even	odd	F
sym_even	complex	T
sym_even	imaginary	F
sym_even	prime	?
sym_even	composite	?
sym_even	irrational	F
sym_even	algebraic	T
sym_even	transcendental	F
sym_even	extended_real	T
sym_even	infinite	F
sym_even	extended_positive	?
sym_even	extended_negative	?
sym_even	extended_nonnegative	?
sym_even	extended_nonpositive	?
sym_even	hermitian	T
sym_even	antihermitian	?
sym_even	commutative	T
sym_odd	real	T
sym_odd	rational	T
sym_odd	integer	T
sym_odd	positive	?
sym_odd	negative	?
sym_odd	zero	F
sym_odd	nonzero	T
sym_odd	nonnegative	?
sym_odd	nonpositive	?
sym_odd	finite	T
sym_odd	even	F
sym_odd	odd	T
sym_odd	complex	T
sym_odd	imaginary	F
sym_odd	prime	?
sym_odd	composite	?
sym_odd	irrational	F
sym_odd	algebraic	T
sym_odd	transcendental	F
sym_odd	extended_real	T
sym_odd	infinite	F
sym_odd	extended_positive	?
sym_odd	extended_negative	?
sym_odd	extended_nonnegative	?
sym_odd	extended_nonpositive	?
sym_odd	hermitian	T
sym_odd	antihermitian	?
sym_odd	commutative	T
sym_prime	real	T
sym_prime	rational	T
sym_prime	integer	T
sym_prime	positive	T
sym_prime	negative	F
sym_prime	zero	F
sym_prime	nonzero	T
sym_prime	nonnegative	T
sym_prime	nonpositive	F
sym_prime	finite	T
sym_prime	even	?
sym_prime	odd	?
sym_prime	complex	T
sym_prime	imaginary	F
sym_prime	prime	T
sym_prime	composite	F
sym_prime	irrational	F
sym_prime	algebraic	T
sym_prime	transcendental	F
sym_prime	extended_real	T
sym_prime	infinite	F
sym_prime	extended_positive	T
sym_prime	extended_negative	F
sym_prime	extended_nonnegative	T
sym_prime	extended_nonpositive	F
sym_prime	hermitian	T
sym_prime	antihermitian	?
sym_prime	commutative	T
sym_composite	real	T
sym_composite	rational	T
sym_composite	integer	T
sym_composite	positive	T
sym_composite	negative	F
sym_composite	zero	F
sym_composite	nonzero	T
sym_composite	nonnegative	T
sym_composite	nonpositive	F
sym_composite	finite	T
sym_composite	even	?
sym_composite	odd	?
sym_composite	complex	T
sym_composite	imaginary	F
sym_composite	prime	F
sym_composite	composite	T
sym_composite	irrational	F
sym_composite	algebraic	T
sym_composite	transcendental	F
sym_composite	extended_real	T
sym_composite	infinite	F
sym_composite	extended_positive	T
sym_composite	extended_negative	F
sym_composite	extended_nonnegative	T
sym_composite	extended_nonpositive	F
sym_composite	hermitian	T
sym_composite	antihermitian	?
sym_composite	commutative	T
sym_irrational	real	T
sym_irrational	rational	F
sym_irrational	integer	F
sym_irrational	positive	?
sym_irrational	negative	?
sym_irrational	zero	F
sym_irrational	nonzero	T
sym_irrational	nonnegative	?
sym_irrational	nonpositive	?
sym_irrational	finite	T
sym_irrational	even	F
sym_irrational	odd	F
sym_irrational	complex	T
sym_irrational	imaginary	F
sym_irrational	prime	F
sym_irrational	composite	F
sym_irrational	irrational	T
sym_irrational	algebraic	?
sym_irrational	transcendental	?
sym_irrational	extended_real	T
sym_irrational	infinite	F
sym_irrational	extended_positive	?
sym_irrational	extended_negative	?
sym_irrational	extended_nonnegative	?
sym_irrational	extended_nonpositive	?
sym_irrational	hermitian	T
sym_irrational	antihermitian	?
sym_irrational	commutative	T
sym_imaginary	real	F
sym_imaginary	rational	F
sym_imaginary	integer	F
sym_imaginary	positive	F
sym_imaginary	negative	F
sym_imaginary	zero	F
sym_imaginary	nonzero	F
sym_imaginary	nonnegative	F
sym_imaginary	nonpositive	F
sym_imaginary	finite	T
sym_imaginary	even	F
sym_imaginary	odd	F
sym_imaginary	complex	T
sym_imaginary	imaginary	T
sym_imaginary	prime	F
sym_imaginary	composite	F
sym_imaginary	irrational	F
sym_imaginary	algebraic	?
sym_imaginary	transcendental	?
sym_imaginary	extended_real	F
sym_imaginary	infinite	F
sym_imaginary	extended_positive	F
sym_imaginary	extended_negative	F
sym_imaginary	extended_nonnegative	F
sym_imaginary	extended_nonpositive	F
sym_imaginary	hermitian	?
sym_imaginary	antihermitian	T
sym_imaginary	commutative	T
sym_complex	real	?
sym_complex	rational	?
sym_complex	integer	?
sym_complex	positive	?
sym_complex	negative	?
sym_complex	zero	?
sym_complex	nonzero	?
sym_complex	nonnegative	?
sym_complex	nonpositive	?
sym_complex	finite	T
sym_complex	even	?
sym_complex	odd	?
sym_complex	complex	T
sym_complex	imaginary	?
sym_complex	prime	?
sym_complex	composite	?
sym_complex	irrational	?
sym_complex	algebraic	?
sym_complex	transcendental	?
sym_complex	extended_real	?
sym_complex	infinite	F
sym_complex	extended_positive	?
sym_complex	extended_negative	?
sym_complex	extended_nonnegative	?
sym_complex	extended_nonpositive	?
sym_complex	hermitian	?
sym_complex	antihermitian	?
sym_complex	commutative	T
sym_finite	real	?
sym_finite	rational	?
sym_finite	integer	?
sym_finite	positive	?
sym_finite	negative	?
sym_finite	zero	?
sym_finite	nonzero	?
sym_finite	nonnegative	?
sym_finite	nonpositive	?
sym_finite	finite	T
sym_finite	even	?
sym_finite	odd	?
sym_finite	complex	?
sym_finite	imaginary	?
sym_finite	prime	?
sym_finite	composite	?
sym_finite	irrational	?
sym_finite	algebraic	?
sym_finite	transcendental	?
sym_finite	extended_real	?
sym_finite	infinite	F
sym_finite	extended_positive	?
sym_finite	extended_negative	?
sym_finite	extended_nonnegative	?
sym_finite	extended_nonpositive	?
sym_finite	hermitian	?
sym_finite	antihermitian	?
sym_finite	commutative	T
sym_extended_real	real	?
sym_extended_real	rational	?
sym_extended_real	integer	?
sym_extended_real	positive	?
sym_extended_real	negative	?
sym_extended_real	zero	?
sym_extended_real	nonzero	?
sym_extended_real	nonnegative	?
sym_extended_real	nonpositive	?
sym_extended_real	finite	?
sym_extended_real	even	?
sym_extended_real	odd	?
sym_extended_real	complex	?
sym_extended_real	imaginary	F
sym_extended_real	prime	?
sym_extended_real	composite	?
sym_extended_real	irrational	?
sym_extended_real	algebraic	?
sym_extended_real	transcendental	?
sym_extended_real	extended_real	T
sym_extended_real	infinite	?
sym_extended_real	extended_positive	?
sym_extended_real	extended_negative	?
sym_extended_real	extended_nonnegative	?
sym_extended_real	extended_nonpositive	?
sym_extended_real	hermitian	?
sym_extended_real	antihermitian	?
sym_extended_real	commutative	T
sym_hermitian	real	?
sym_hermitian	rational	?
sym_hermitian	integer	?
sym_hermitian	positive	?
sym_hermitian	negative	?
sym_hermitian	zero	?
sym_hermitian	nonzero	?
sym_hermitian	nonnegative	?
sym_hermitian	nonpositive	?
sym_hermitian	finite	?
sym_hermitian	even	?
sym_hermitian	odd	?
sym_hermitian	complex	?
sym_hermitian	imaginary	?
sym_hermitian	prime	?
sym_hermitian	composite	?
sym_hermitian	irrational	?
sym_hermitian	algebraic	?
sym_hermitian	transcendental	?
sym_hermitian	extended_real	?
sym_hermitian	infinite	?
sym_hermitian	extended_positive	?
sym_hermitian	extended_negative	?
sym_hermitian	extended_nonnegative	?
sym_hermitian	extended_nonpositive	?
sym_hermitian	hermitian	T
sym_hermitian	antihermitian	?
sym_hermitian	commutative	T
sym_antihermitian	real	?
sym_antihermitian	rational	?
sym_antihermitian	integer	?
sym_antihermitian	positive	?
sym_antihermitian	negative	?
sym_antihermitian	zero	?
sym_antihermitian	nonzero	?
sym_antihermitian	nonnegative	?
sym_antihermitian	nonpositive	?
sym_antihermitian	finite	?
sym_antihermitian	even	?
sym_antihermitian	odd	?
sym_antihermitian	complex	?
sym_antihermitian	imaginary	?
sym_antihermitian	prime	?
sym_antihermitian	composite	?
sym_antihermitian	irrational	?
sym_antihermitian	algebraic	?
sym_antihermitian	transcendental	?
sym_antihermitian	extended_real	?
sym_antihermitian	infinite	?
sym_antihermitian	extended_positive	?
sym_antihermitian	extended_negative	?
sym_antihermitian	extended_nonnegative	?
sym_antihermitian	extended_nonpositive	?
sym_antihermitian	hermitian	?
sym_antihermitian	antihermitian	T
sym_antihermitian	commutative	T
sym_ext_positive	real	?
sym_ext_positive	rational	?
sym_ext_positive	integer	?
sym_ext_positive	positive	?
sym_ext_positive	negative	F
sym_ext_positive	zero	F
sym_ext_positive	nonzero	?
sym_ext_positive	nonnegative	?
sym_ext_positive	nonpositive	F
sym_ext_positive	finite	?
sym_ext_positive	even	?
sym_ext_positive	odd	?
sym_ext_positive	complex	?
sym_ext_positive	imaginary	F
sym_ext_positive	prime	?
sym_ext_positive	composite	?
sym_ext_positive	irrational	?
sym_ext_positive	algebraic	?
sym_ext_positive	transcendental	?
sym_ext_positive	extended_real	T
sym_ext_positive	infinite	?
sym_ext_positive	extended_positive	T
sym_ext_positive	extended_negative	F
sym_ext_positive	extended_nonnegative	T
sym_ext_positive	extended_nonpositive	F
sym_ext_positive	hermitian	?
sym_ext_positive	antihermitian	?
sym_ext_positive	commutative	T
sym_ext_negative	real	?
sym_ext_negative	rational	?
sym_ext_negative	integer	?
sym_ext_negative	positive	F
sym_ext_negative	negative	?
sym_ext_negative	zero	F
sym_ext_negative	nonzero	?
sym_ext_negative	nonnegative	F
sym_ext_negative	nonpositive	?
sym_ext_negative	finite	?
sym_ext_negative	even	?
sym_ext_negative	odd	?
sym_ext_negative	complex	?
sym_ext_negative	imaginary	F
sym_ext_negative	prime	F
sym_ext_negative	composite	F
sym_ext_negative	irrational	?
sym_ext_negative	algebraic	?
sym_ext_negative	transcendental	?
sym_ext_negative	extended_real	T
sym_ext_negative	infinite	?
sym_ext_negative	extended_positive	F
sym_ext_negative	extended_negative	T
sym_ext_negative	extended_nonnegative	F
sym_ext_negative	extended_nonpositive	T
sym_ext_negative	hermitian	?
sym_ext_negative	antihermitian	?
sym_ext_negative	commutative	T
sym_real_nonzero	real	T
sym_real_nonzero	rational	?
sym_real_nonzero	integer	?
sym_real_nonzero	positive	?
sym_real_nonzero	negative	?
sym_real_nonzero	zero	F
sym_real_nonzero	nonzero	T
sym_real_nonzero	nonnegative	?
sym_real_nonzero	nonpositive	?
sym_real_nonzero	finite	T
sym_real_nonzero	even	?
sym_real_nonzero	odd	?
sym_real_nonzero	complex	T
sym_real_nonzero	imaginary	F
sym_real_nonzero	prime	?
sym_real_nonzero	composite	?
sym_real_nonzero	irrational	?
sym_real_nonzero	algebraic	?
sym_real_nonzero	transcendental	?
sym_real_nonzero	extended_real	T
sym_real_nonzero	infinite	F
sym_real_nonzero	extended_positive	?
sym_real_nonzero	extended_negative	?
sym_real_nonzero	extended_nonnegative	?
sym_real_nonzero	extended_nonpositive	?
sym_real_nonzero	hermitian	T
sym_real_nonzero	antihermitian	?
sym_real_nonzero	commutative	T
sym_integer_positive	real	T
sym_integer_positive	rational	T
sym_integer_positive	integer	T
sym_integer_positive	positive	T
sym_integer_positive	negative	F
sym_integer_positive	zero	F
sym_integer_positive	nonzero	T
sym_integer_positive	nonnegative	T
sym_integer_positive	nonpositive	F
sym_integer_positive	finite	T
sym_integer_positive	even	?
sym_integer_positive	odd	?
sym_integer_positive	complex	T
sym_integer_positive	imaginary	F
sym_integer_positive	prime	?
sym_integer_positive	composite	?
sym_integer_positive	irrational	F
sym_integer_positive	algebraic	T
sym_integer_positive	transcendental	F
sym_integer_positive	extended_real	T
sym_integer_positive	infinite	F
sym_integer_positive	extended_positive	T
sym_integer_positive	extended_negative	F
sym_integer_positive	extended_nonnegative	T
sym_integer_positive	extended_nonpositive	F
sym_integer_positive	hermitian	T
sym_integer_positive	antihermitian	?
sym_integer_positive	commutative	T
sym_integer_nonnegative	real	T
sym_integer_nonnegative	rational	T
sym_integer_nonnegative	integer	T
sym_integer_nonnegative	positive	?
sym_integer_nonnegative	negative	F
sym_integer_nonnegative	zero	?
sym_integer_nonnegative	nonzero	?
sym_integer_nonnegative	nonnegative	T
sym_integer_nonnegative	nonpositive	?
sym_integer_nonnegative	finite	T
sym_integer_nonnegative	even	?
sym_integer_nonnegative	odd	?
sym_integer_nonnegative	complex	T
sym_integer_nonnegative	imaginary	F
sym_integer_nonnegative	prime	?
sym_integer_nonnegative	composite	?
sym_integer_nonnegative	irrational	F
sym_integer_nonnegative	algebraic	T
sym_integer_nonnegative	transcendental	F
sym_integer_nonnegative	extended_real	T
sym_integer_nonnegative	infinite	F
sym_integer_nonnegative	extended_positive	?
sym_integer_nonnegative	extended_negative	F
sym_integer_nonnegative	extended_nonnegative	T
sym_integer_nonnegative	extended_nonpositive	?
sym_integer_nonnegative	hermitian	T
sym_integer_nonnegative	antihermitian	?
sym_integer_nonnegative	commutative	T
sym_ext_positive_finite	real	T
sym_ext_positive_finite	rational	?
sym_ext_positive_finite	integer	?
sym_ext_positive_finite	positive	T
sym_ext_positive_finite	negative	F
sym_ext_positive_finite	zero	F
sym_ext_positive_finite	nonzero	T
sym_ext_positive_finite	nonnegative	T
sym_ext_positive_finite	nonpositive	F
sym_ext_positive_finite	finite	T
sym_ext_positive_finite	even	?
sym_ext_positive_finite	odd	?
sym_ext_positive_finite	complex	T
sym_ext_positive_finite	imaginary	F
sym_ext_positive_finite	prime	?
sym_ext_positive_finite	composite	?
sym_ext_positive_finite	irrational	?
sym_ext_positive_finite	algebraic	?
sym_ext_positive_finite	transcendental	?
sym_ext_positive_finite	extended_real	T
sym_ext_positive_finite	infinite	F
sym_ext_positive_finite	extended_positive	T
sym_ext_positive_finite	extended_negative	F
sym_ext_positive_finite	extended_nonnegative	T
sym_ext_positive_finite	extended_nonpositive	F
sym_ext_positive_finite	hermitian	T
sym_ext_positive_finite	antihermitian	?
sym_ext_positive_finite	commutative	T
int_0	real	T
int_0	rational	T
int_0	integer	T
int_0	positive	F
int_0	negative	F
int_0	zero	T
int_0	nonzero	F
int_0	nonnegative	T
int_0	nonpositive	T
int_0	finite	T
int_0	even	T
int_0	odd	F
int_0	complex	T
int_0	imaginary	F
int_0	prime	F
int_0	composite	F
int_0	irrational	F
int_0	algebraic	T
int_0	transcendental	F
int_0	extended_real	T
int_0	infinite	F
int_0	extended_positive	F
int_0	extended_negative	F
int_0	extended_nonnegative	T
int_0	extended_nonpositive	T
int_0	hermitian	T
int_0	antihermitian	?
int_0	commutative	T
int_1	real	T
int_1	rational	T
int_1	integer	T
int_1	positive	T
int_1	negative	F
int_1	zero	F
int_1	nonzero	T
int_1	nonnegative	T
int_1	nonpositive	F
int_1	finite	T
int_1	even	F
int_1	odd	T
int_1	complex	T
int_1	imaginary	F
int_1	prime	F
int_1	composite	F
int_1	irrational	F
int_1	algebraic	T
int_1	transcendental	F
int_1	extended_real	T
int_1	infinite	F
int_1	extended_positive	T
int_1	extended_negative	F
int_1	extended_nonnegative	T
int_1	extended_nonpositive	F
int_1	hermitian	T
int_1	antihermitian	?
int_1	commutative	T
int_2	real	T
int_2	rational	T
int_2	integer	T
int_2	positive	T
int_2	negative	F
int_2	zero	F
int_2	nonzero	T
int_2	nonnegative	T
int_2	nonpositive	F
int_2	finite	T
int_2	even	T
int_2	odd	F
int_2	complex	T
int_2	imaginary	F
int_2	prime	T
int_2	composite	F
int_2	irrational	F
int_2	algebraic	T
int_2	transcendental	F
int_2	extended_real	T
int_2	infinite	F
int_2	extended_positive	T
int_2	extended_negative	F
int_2	extended_nonnegative	T
int_2	extended_nonpositive	F
int_2	hermitian	T
int_2	antihermitian	?
int_2	commutative	T
int_3	real	T
int_3	rational	T
int_3	integer	T
int_3	positive	T
int_3	negative	F
int_3	zero	F
int_3	nonzero	T
int_3	nonnegative	T
int_3	nonpositive	F
int_3	finite	T
int_3	even	F
int_3	odd	T
int_3	complex	T
int_3	imaginary	F
int_3	prime	T
int_3	composite	F
int_3	irrational	F
int_3	algebraic	T
int_3	transcendental	F
int_3	extended_real	T
int_3	infinite	F
int_3	extended_positive	T
int_3	extended_negative	F
int_3	extended_nonnegative	T
int_3	extended_nonpositive	F
int_3	hermitian	T
int_3	antihermitian	?
int_3	commutative	T
int_4	real	T
int_4	rational	T
int_4	integer	T
int_4	positive	T
int_4	negative	F
int_4	zero	F
int_4	nonzero	T
int_4	nonnegative	T
int_4	nonpositive	F
int_4	finite	T
int_4	even	T
int_4	odd	F
int_4	complex	T
int_4	imaginary	F
int_4	prime	F
int_4	composite	T
int_4	irrational	F
int_4	algebraic	T
int_4	transcendental	F
int_4	extended_real	T
int_4	infinite	F
int_4	extended_positive	T
int_4	extended_negative	F
int_4	extended_nonnegative	T
int_4	extended_nonpositive	F
int_4	hermitian	T
int_4	antihermitian	?
int_4	commutative	T
int_neg1	real	T
int_neg1	rational	T
int_neg1	integer	T
int_neg1	positive	F
int_neg1	negative	T
int_neg1	zero	F
int_neg1	nonzero	T
int_neg1	nonnegative	F
int_neg1	nonpositive	T
int_neg1	finite	T
int_neg1	even	F
int_neg1	odd	T
int_neg1	complex	T
int_neg1	imaginary	F
int_neg1	prime	F
int_neg1	composite	F
int_neg1	irrational	F
int_neg1	algebraic	T
int_neg1	transcendental	F
int_neg1	extended_real	T
int_neg1	infinite	F
int_neg1	extended_positive	F
int_neg1	extended_negative	T
int_neg1	extended_nonnegative	F
int_neg1	extended_nonpositive	T
int_neg1	hermitian	T
int_neg1	antihermitian	?
int_neg1	commutative	T
int_neg2	real	T
int_neg2	rational	T
int_neg2	integer	T
int_neg2	positive	F
int_neg2	negative	T
int_neg2	zero	F
int_neg2	nonzero	T
int_neg2	nonnegative	F
int_neg2	nonpositive	T
int_neg2	finite	T
int_neg2	even	T
int_neg2	odd	F
int_neg2	complex	T
int_neg2	imaginary	F
int_neg2	prime	F
int_neg2	composite	F
int_neg2	irrational	F
int_neg2	algebraic	T
int_neg2	transcendental	F
int_neg2	extended_real	T
int_neg2	infinite	F
int_neg2	extended_positive	F
int_neg2	extended_negative	T
int_neg2	extended_nonnegative	F
int_neg2	extended_nonpositive	T
int_neg2	hermitian	T
int_neg2	antihermitian	?
int_neg2	commutative	T
rat_half	real	T
rat_half	rational	T
rat_half	integer	F
rat_half	positive	T
rat_half	negative	F
rat_half	zero	F
rat_half	nonzero	T
rat_half	nonnegative	T
rat_half	nonpositive	F
rat_half	finite	T
rat_half	even	F
rat_half	odd	F
rat_half	complex	T
rat_half	imaginary	F
rat_half	prime	F
rat_half	composite	F
rat_half	irrational	F
rat_half	algebraic	T
rat_half	transcendental	F
rat_half	extended_real	T
rat_half	infinite	F
rat_half	extended_positive	T
rat_half	extended_negative	F
rat_half	extended_nonnegative	T
rat_half	extended_nonpositive	F
rat_half	hermitian	T
rat_half	antihermitian	?
rat_half	commutative	T
rat_neg3_2	real	T
rat_neg3_2	rational	T
rat_neg3_2	integer	F
rat_neg3_2	positive	F
rat_neg3_2	negative	T
rat_neg3_2	zero	F
rat_neg3_2	nonzero	T
rat_neg3_2	nonnegative	F
rat_neg3_2	nonpositive	T
rat_neg3_2	finite	T
rat_neg3_2	even	F
rat_neg3_2	odd	F
rat_neg3_2	complex	T
rat_neg3_2	imaginary	F
rat_neg3_2	prime	F
rat_neg3_2	composite	F
rat_neg3_2	irrational	F
rat_neg3_2	algebraic	T
rat_neg3_2	transcendental	F
rat_neg3_2	extended_real	T
rat_neg3_2	infinite	F
rat_neg3_2	extended_positive	F
rat_neg3_2	extended_negative	T
rat_neg3_2	extended_nonnegative	F
rat_neg3_2	extended_nonpositive	T
rat_neg3_2	hermitian	T
rat_neg3_2	antihermitian	?
rat_neg3_2	commutative	T
oo	real	F
oo	rational	F
oo	integer	F
oo	positive	F
oo	negative	F
oo	zero	F
oo	nonzero	F
oo	nonnegative	F
oo	nonpositive	F
oo	finite	F
oo	even	F
oo	odd	F
oo	complex	F
oo	imaginary	F
oo	prime	F
oo	composite	F
oo	irrational	F
oo	algebraic	F
oo	transcendental	F
oo	extended_real	T
oo	infinite	T
oo	extended_positive	T
oo	extended_negative	F
oo	extended_nonnegative	T
oo	extended_nonpositive	F
oo	hermitian	?
oo	antihermitian	?
oo	commutative	T
neg_oo	real	F
neg_oo	rational	F
neg_oo	integer	F
neg_oo	positive	F
neg_oo	negative	F
neg_oo	zero	F
neg_oo	nonzero	F
neg_oo	nonnegative	F
neg_oo	nonpositive	F
neg_oo	finite	F
neg_oo	even	F
neg_oo	odd	F
neg_oo	complex	F
neg_oo	imaginary	F
neg_oo	prime	F
neg_oo	composite	F
neg_oo	irrational	F
neg_oo	algebraic	F
neg_oo	transcendental	F
neg_oo	extended_real	T
neg_oo	infinite	T
neg_oo	extended_positive	F
neg_oo	extended_negative	T
neg_oo	extended_nonnegative	F
neg_oo	extended_nonpositive	T
neg_oo	hermitian	?
neg_oo	antihermitian	?
neg_oo	commutative	T
zoo	real	F
zoo	rational	F
zoo	integer	F
zoo	positive	F
zoo	negative	F
zoo	zero	F
zoo	nonzero	F
zoo	nonnegative	F
zoo	nonpositive	F
zoo	finite	F
zoo	even	F
zoo	odd	F
zoo	complex	F
zoo	imaginary	F
zoo	prime	F
zoo	composite	F
zoo	irrational	F
zoo	algebraic	F
zoo	transcendental	F
zoo	extended_real	F
zoo	infinite	T
zoo	extended_positive	F
zoo	extended_negative	F
zoo	extended_nonnegative	F
zoo	extended_nonpositive	F
zoo	hermitian	?
zoo	antihermitian	?
zoo	commutative	T
I	real	F
I	rational	F
I	integer	F
I	positive	F
I	negative	F
I	zero	F
I	nonzero	F
I	nonnegative	F
I	nonpositive	F
I	finite	T
I	even	F
I	odd	F
I	complex	T
I	imaginary	T
I	prime	F
I	composite	F
I	irrational	F
I	algebraic	T
I	transcendental	F
I	extended_real	F
I	infinite	F
I	extended_positive	F
I	extended_negative	F
I	extended_nonnegative	F
I	extended_nonpositive	F
I	hermitian	?
I	antihermitian	T
I	commutative	T
pi	real	T
pi	rational	F
pi	integer	F
pi	positive	T
pi	negative	F
pi	zero	F
pi	nonzero	T
pi	nonnegative	T
pi	nonpositive	F
pi	finite	T
pi	even	F
pi	odd	F
pi	complex	T
pi	imaginary	F
pi	prime	F
pi	composite	F
pi	irrational	T
pi	algebraic	F
pi	transcendental	T
pi	extended_real	T
pi	infinite	F
pi	extended_positive	T
pi	extended_negative	F
pi	extended_nonnegative	T
pi	extended_nonpositive	F
pi	hermitian	T
pi	antihermitian	?
pi	commutative	T
E	real	T
E	rational	F
E	integer	F
E	positive	T
E	negative	F
E	zero	F
E	nonzero	T
E	nonnegative	T
E	nonpositive	F
E	finite	T
E	even	F
E	odd	F
E	complex	T
E	imaginary	F
E	prime	F
E	composite	F
E	irrational	T
E	algebraic	F
E	transcendental	T
E	extended_real	T
E	infinite	F
E	extended_positive	T
E	extended_negative	F
E	extended_nonnegative	T
E	extended_nonpositive	F
E	hermitian	T
E	antihermitian	?
E	commutative	T
abs_generic	real	?
abs_generic	rational	?
abs_generic	integer	?
abs_generic	positive	?
abs_generic	negative	F
abs_generic	zero	?
abs_generic	nonzero	?
abs_generic	nonnegative	?
abs_generic	nonpositive	?
abs_generic	finite	?
abs_generic	even	?
abs_generic	odd	?
abs_generic	complex	?
abs_generic	imaginary	F
abs_generic	prime	?
abs_generic	composite	?
abs_generic	irrational	?
abs_generic	algebraic	?
abs_generic	transcendental	?
abs_generic	extended_real	T
abs_generic	infinite	?
abs_generic	extended_positive	?
abs_generic	extended_negative	F
abs_generic	extended_nonnegative	T
abs_generic	extended_nonpositive	?
abs_generic	hermitian	?
abs_generic	antihermitian	?
abs_generic	commutative	T
neg_positive	real	T
neg_positive	rational	?
neg_positive	integer	?
neg_positive	positive	F
neg_positive	negative	T
neg_positive	zero	F
neg_positive	nonzero	T
neg_positive	nonnegative	F
neg_positive	nonpositive	T
neg_positive	finite	T
neg_positive	even	?
neg_positive	odd	?
neg_positive	complex	T
neg_positive	imaginary	F
neg_positive	prime	F
neg_positive	composite	F
neg_positive	irrational	?
neg_positive	algebraic	?
neg_positive	transcendental	?
neg_positive	extended_real	T
neg_positive	infinite	F
neg_positive	extended_positive	F
neg_positive	extended_negative	T
neg_positive	extended_nonnegative	F
neg_positive	extended_nonpositive	T
neg_positive	hermitian	T
neg_positive	antihermitian	?
neg_positive	commutative	T
p_squared	real	T
p_squared	rational	?
p_squared	integer	?
p_squared	positive	T
p_squared	negative	F
p_squared	zero	F
p_squared	nonzero	T
p_squared	nonnegative	T
p_squared	nonpositive	F
p_squared	finite	T
p_squared	even	?
p_squared	odd	?
p_squared	complex	T
p_squared	imaginary	F
p_squared	prime	?
p_squared	composite	?
p_squared	irrational	?
p_squared	algebraic	?
p_squared	transcendental	?
p_squared	extended_real	T
p_squared	infinite	F
p_squared	extended_positive	T
p_squared	extended_negative	F
p_squared	extended_nonnegative	T
p_squared	extended_nonpositive	F
p_squared	hermitian	T
p_squared	antihermitian	?
p_squared	commutative	T
g_squared	real	?
g_squared	rational	?
g_squared	integer	?
g_squared	positive	?
g_squared	negative	?
g_squared	zero	?
g_squared	nonzero	?
g_squared	nonnegative	?
g_squared	nonpositive	?
g_squared	finite	?
g_squared	even	?
g_squared	odd	?
g_squared	complex	?
g_squared	imaginary	?
g_squared	prime	?
g_squared	composite	?
g_squared	irrational	?
g_squared	algebraic	?
g_squared	transcendental	?
g_squared	extended_real	?
g_squared	infinite	?
g_squared	extended_positive	?
g_squared	extended_negative	?
g_squared	extended_nonnegative	?
g_squared	extended_nonpositive	?
g_squared	hermitian	?
g_squared	antihermitian	?
g_squared	commutative	T
g_squared_plus1	real	?
g_squared_plus1	rational	?
g_squared_plus1	integer	?
g_squared_plus1	positive	?
g_squared_plus1	negative	?
g_squared_plus1	zero	?
g_squared_plus1	nonzero	?
g_squared_plus1	nonnegative	?
g_squared_plus1	nonpositive	?
g_squared_plus1	finite	?
g_squared_plus1	even	?
g_squared_plus1	odd	?
g_squared_plus1	complex	?
g_squared_plus1	imaginary	?
g_squared_plus1	prime	?
g_squared_plus1	composite	?
g_squared_plus1	irrational	?
g_squared_plus1	algebraic	?
g_squared_plus1	transcendental	?
g_squared_plus1	extended_real	?
g_squared_plus1	infinite	?
g_squared_plus1	extended_positive	?
g_squared_plus1	extended_negative	?
g_squared_plus1	extended_nonnegative	?
g_squared_plus1	extended_nonpositive	?
g_squared_plus1	hermitian	?
g_squared_plus1	antihermitian	?
g_squared_plus1	commutative	T
p_plus_q	real	T
p_plus_q	rational	?
p_plus_q	integer	?
p_plus_q	positive	T
p_plus_q	negative	F
p_plus_q	zero	F
p_plus_q	nonzero	T
p_plus_q	nonnegative	T
p_plus_q	nonpositive	F
p_plus_q	finite	T
p_plus_q	even	?
p_plus_q	odd	?
p_plus_q	complex	T
p_plus_q	imaginary	F
p_plus_q	prime	?
p_plus_q	composite	?
p_plus_q	irrational	?
p_plus_q	algebraic	?
p_plus_q	transcendental	?
p_plus_q	extended_real	T
p_plus_q	infinite	F
p_plus_q	extended_positive	T
p_plus_q	extended_negative	F
p_plus_q	extended_nonnegative	T
p_plus_q	extended_nonpositive	F
p_plus_q	hermitian	T
p_plus_q	antihermitian	?
p_plus_q	commutative	T
p_times_q	real	T
p_times_q	rational	?
p_times_q	integer	?
p_times_q	positive	T
p_times_q	negative	F
p_times_q	zero	F
p_times_q	nonzero	T
p_times_q	nonnegative	T
p_times_q	nonpositive	F
p_times_q	finite	T
p_times_q	even	?
p_times_q	odd	?
p_times_q	complex	T
p_times_q	imaginary	F
p_times_q	prime	?
p_times_q	composite	?
p_times_q	irrational	?
p_times_q	algebraic	?
p_times_q	transcendental	?
p_times_q	extended_real	T
p_times_q	infinite	F
p_times_q	extended_positive	T
p_times_q	extended_negative	F
p_times_q	extended_nonnegative	T
p_times_q	extended_nonpositive	F
p_times_q	hermitian	T
p_times_q	antihermitian	?
p_times_q	commutative	T
two_n_plus_1	real	T
two_n_plus_1	rational	T
two_n_plus_1	integer	T
two_n_plus_1	positive	?
two_n_plus_1	negative	?
two_n_plus_1	zero	F
two_n_plus_1	nonzero	T
two_n_plus_1	nonnegative	?
two_n_plus_1	nonpositive	?
two_n_plus_1	finite	T
two_n_plus_1	even	F
two_n_plus_1	odd	T
two_n_plus_1	complex	T
two_n_plus_1	imaginary	F
two_n_plus_1	prime	?
two_n_plus_1	composite	?
two_n_plus_1	irrational	F
two_n_plus_1	algebraic	T
two_n_plus_1	transcendental	F
two_n_plus_1	extended_real	T
two_n_plus_1	infinite	F
two_n_plus_1	extended_positive	?
two_n_plus_1	extended_negative	?
two_n_plus_1	extended_nonnegative	?
two_n_plus_1	extended_nonpositive	?
two_n_plus_1	hermitian	T
two_n_plus_1	antihermitian	?
two_n_plus_1	commutative	T
i_times_real	real	?
i_times_real	rational	?
i_times_real	integer	?
i_times_real	positive	?
i_times_real	negative	?
i_times_real	zero	?
i_times_real	nonzero	?
i_times_real	nonnegative	?
i_times_real	nonpositive	?
i_times_real	finite	T
i_times_real	even	?
i_times_real	odd	?
i_times_real	complex	T
i_times_real	imaginary	?
i_times_real	prime	?
i_times_real	composite	?
i_times_real	irrational	?
i_times_real	algebraic	?
i_times_real	transcendental	?
i_times_real	extended_real	?
i_times_real	infinite	F
i_times_real	extended_positive	?
i_times_real	extended_negative	?
i_times_real	extended_nonnegative	?
i_times_real	extended_nonpositive	?
i_times_real	hermitian	?
i_times_real	antihermitian	?
i_times_real	commutative	T
sqrt2	real	T
sqrt2	rational	F
sqrt2	integer	F
sqrt2	positive	T
sqrt2	negative	F
sqrt2	zero	F
sqrt2	nonzero	T
sqrt2	nonnegative	T
sqrt2	nonpositive	F
sqrt2	finite	T
sqrt2	even	F
sqrt2	odd	F
sqrt2	complex	T
sqrt2	imaginary	F
sqrt2	prime	F
sqrt2	composite	F
sqrt2	irrational	T
sqrt2	algebraic	T
sqrt2	transcendental	F
sqrt2	extended_real	T
sqrt2	infinite	F
sqrt2	extended_positive	T
sqrt2	extended_negative	F
sqrt2	extended_nonnegative	T
sqrt2	extended_nonpositive	F
sqrt2	hermitian	T
sqrt2	antihermitian	?
sqrt2	commutative	T
abs_real	real	T
abs_real	rational	?
abs_real	integer	?
abs_real	positive	?
abs_real	negative	F
abs_real	zero	?
abs_real	nonzero	?
abs_real	nonnegative	T
abs_real	nonpositive	?
abs_real	finite	T
abs_real	even	?
abs_real	odd	?
abs_real	complex	T
abs_real	imaginary	F
abs_real	prime	?
abs_real	composite	?
abs_real	irrational	?
abs_real	algebraic	?
abs_real	transcendental	?
abs_real	extended_real	T
abs_real	infinite	F
abs_real	extended_positive	?
abs_real	extended_negative	F
abs_real	extended_nonnegative	T
abs_real	extended_nonpositive	?
abs_real	hermitian	T
abs_real	antihermitian	?
abs_real	commutative	T
sym_transcendental	real	?
sym_transcendental	rational	F
sym_transcendental	integer	F
sym_transcendental	positive	?
sym_transcendental	negative	?
sym_transcendental	zero	F
sym_transcendental	nonzero	?
sym_transcendental	nonnegative	?
sym_transcendental	nonpositive	?
sym_transcendental	finite	T
sym_transcendental	even	F
sym_transcendental	odd	F
sym_transcendental	complex	T
sym_transcendental	imaginary	?
sym_transcendental	prime	F
sym_transcendental	composite	F
sym_transcendental	irrational	?
sym_transcendental	algebraic	F
sym_transcendental	transcendental	T
sym_transcendental	extended_real	?
sym_transcendental	infinite	F
sym_transcendental	extended_positive	?
sym_transcendental	extended_negative	?
sym_transcendental	extended_nonnegative	?
sym_transcendental	extended_nonpositive	?
sym_transcendental	hermitian	?
sym_transcendental	antihermitian	?
sym_transcendental	commutative	T
two_pi	real	T
two_pi	rational	F
two_pi	integer	F
two_pi	positive	T
two_pi	negative	F
two_pi	zero	F
two_pi	nonzero	T
two_pi	nonnegative	T
two_pi	nonpositive	F
two_pi	finite	T
two_pi	even	F
two_pi	odd	F
two_pi	complex	T
two_pi	imaginary	F
two_pi	prime	F
two_pi	composite	F
two_pi	irrational	T
two_pi	algebraic	F
two_pi	transcendental	T
two_pi	extended_real	T
two_pi	infinite	F
two_pi	extended_positive	T
two_pi	extended_negative	F
two_pi	extended_nonnegative	T
two_pi	extended_nonpositive	F
two_pi	hermitian	T
two_pi	antihermitian	?
two_pi	commutative	T
pi_plus_one	real	T
pi_plus_one	rational	F
pi_plus_one	integer	F
pi_plus_one	positive	T
pi_plus_one	negative	F
pi_plus_one	zero	F
pi_plus_one	nonzero	T
pi_plus_one	nonnegative	T
pi_plus_one	nonpositive	F
pi_plus_one	finite	T
pi_plus_one	even	F
pi_plus_one	odd	F
pi_plus_one	complex	T
pi_plus_one	imaginary	F
pi_plus_one	prime	F
pi_plus_one	composite	F
pi_plus_one	irrational	T
pi_plus_one	algebraic	F
pi_plus_one	transcendental	T
pi_plus_one	extended_real	T
pi_plus_one	infinite	F
pi_plus_one	extended_positive	T
pi_plus_one	extended_negative	F
pi_plus_one	extended_nonnegative	T
pi_plus_one	extended_nonpositive	F
pi_plus_one	hermitian	T
pi_plus_one	antihermitian	?
pi_plus_one	commutative	T
neg_times_neg	real	T
neg_times_neg	rational	?
neg_times_neg	integer	?
neg_times_neg	positive	T
neg_times_neg	negative	F
neg_times_neg	zero	F
neg_times_neg	nonzero	T
neg_times_neg	nonnegative	T
neg_times_neg	nonpositive	F
neg_times_neg	finite	T
neg_times_neg	even	?
neg_times_neg	odd	?
neg_times_neg	complex	T
neg_times_neg	imaginary	F
neg_times_neg	prime	?
neg_times_neg	composite	?
neg_times_neg	irrational	?
neg_times_neg	algebraic	?
neg_times_neg	transcendental	?
neg_times_neg	extended_real	T
neg_times_neg	infinite	F
neg_times_neg	extended_positive	T
neg_times_neg	extended_negative	F
neg_times_neg	extended_nonnegative	T
neg_times_neg	extended_nonpositive	F
neg_times_neg	hermitian	T
neg_times_neg	antihermitian	?
neg_times_neg	commutative	T
pos_times_neg	real	T
pos_times_neg	rational	?
pos_times_neg	integer	?
pos_times_neg	positive	F
pos_times_neg	negative	T
pos_times_neg	zero	F
pos_times_neg	nonzero	T
pos_times_neg	nonnegative	F
pos_times_neg	nonpositive	T
pos_times_neg	finite	T
pos_times_neg	even	?
pos_times_neg	odd	?
pos_times_neg	complex	T
pos_times_neg	imaginary	F
pos_times_neg	prime	F
pos_times_neg	composite	F
pos_times_neg	irrational	?
pos_times_neg	algebraic	?
pos_times_neg	transcendental	?
pos_times_neg	extended_real	T
pos_times_neg	infinite	F
pos_times_neg	extended_positive	F
pos_times_neg	extended_negative	T
pos_times_neg	extended_nonnegative	F
pos_times_neg	extended_nonpositive	T
pos_times_neg	hermitian	T
pos_times_neg	antihermitian	?
pos_times_neg	commutative	T
pow_neg_2	real	T
pow_neg_2	rational	?
pow_neg_2	integer	?
pow_neg_2	positive	T
pow_neg_2	negative	F
pow_neg_2	zero	F
pow_neg_2	nonzero	T
pow_neg_2	nonnegative	T
pow_neg_2	nonpositive	F
pow_neg_2	finite	T
pow_neg_2	even	?
pow_neg_2	odd	?
pow_neg_2	complex	T
pow_neg_2	imaginary	F
pow_neg_2	prime	?
pow_neg_2	composite	?
pow_neg_2	irrational	?
pow_neg_2	algebraic	?
pow_neg_2	transcendental	?
pow_neg_2	extended_real	T
pow_neg_2	infinite	F
pow_neg_2	extended_positive	T
pow_neg_2	extended_negative	F
pow_neg_2	extended_nonnegative	T
pow_neg_2	extended_nonpositive	F
pow_neg_2	hermitian	T
pow_neg_2	antihermitian	?
pow_neg_2	commutative	T
pow_real_2	real	T
pow_real_2	rational	?
pow_real_2	integer	?
pow_real_2	positive	?
pow_real_2	negative	F
pow_real_2	zero	?
pow_real_2	nonzero	?
pow_real_2	nonnegative	T
pow_real_2	nonpositive	?
pow_real_2	finite	T
pow_real_2	even	?
pow_real_2	odd	?
pow_real_2	complex	T
pow_real_2	imaginary	F
pow_real_2	prime	?
pow_real_2	composite	?
pow_real_2	irrational	?
pow_real_2	algebraic	?
pow_real_2	transcendental	?
pow_real_2	extended_real	T
pow_real_2	infinite	F
pow_real_2	extended_positive	?
pow_real_2	extended_negative	F
pow_real_2	extended_nonnegative	T
pow_real_2	extended_nonpositive	?
pow_real_2	hermitian	T
pow_real_2	antihermitian	?
pow_real_2	commutative	T
p_over_q	real	T
p_over_q	rational	?
p_over_q	integer	?
p_over_q	positive	T
p_over_q	negative	F
p_over_q	zero	F
p_over_q	nonzero	T
p_over_q	nonnegative	T
p_over_q	nonpositive	F
p_over_q	finite	T
p_over_q	even	?
p_over_q	odd	?
p_over_q	complex	T
p_over_q	imaginary	F
p_over_q	prime	?
p_over_q	composite	?
p_over_q	irrational	?
p_over_q	algebraic	?
p_over_q	transcendental	?
p_over_q	extended_real	T
p_over_q	infinite	F
p_over_q	extended_positive	T
p_over_q	extended_negative	F
p_over_q	extended_nonnegative	T
p_over_q	extended_nonpositive	F
p_over_q	hermitian	T
p_over_q	antihermitian	?
p_over_q	commutative	T
exp_real	real	T
exp_real	rational	?
exp_real	integer	?
exp_real	positive	T
exp_real	negative	F
exp_real	zero	F
exp_real	nonzero	T
exp_real	nonnegative	T
exp_real	nonpositive	F
exp_real	finite	T
exp_real	even	?
exp_real	odd	?
exp_real	complex	T
exp_real	imaginary	F
exp_real	prime	?
exp_real	composite	?
exp_real	irrational	?
exp_real	algebraic	?
exp_real	transcendental	?
exp_real	extended_real	T
exp_real	infinite	F
exp_real	extended_positive	T
exp_real	extended_negative	F
exp_real	extended_nonnegative	T
exp_real	extended_nonpositive	F
exp_real	hermitian	T
exp_real	antihermitian	?
exp_real	commutative	T
log_positive	real	T
log_positive	rational	?
log_positive	integer	?
log_positive	positive	?
log_positive	negative	?
log_positive	zero	?
log_positive	nonzero	?
log_positive	nonnegative	?
log_positive	nonpositive	?
log_positive	finite	T
log_positive	even	?
log_positive	odd	?
log_positive	complex	T
log_positive	imaginary	F
log_positive	prime	?
log_positive	composite	?
log_positive	irrational	?
log_positive	algebraic	?
log_positive	transcendental	?
log_positive	extended_real	T
log_positive	infinite	F
log_positive	extended_positive	?
log_positive	extended_negative	?
log_positive	extended_nonnegative	?
log_positive	extended_nonpositive	?
log_positive	hermitian	T
log_positive	antihermitian	?
log_positive	commutative	T
sin_real	real	T
sin_real	rational	?
sin_real	integer	?
sin_real	positive	?
sin_real	negative	?
sin_real	zero	?
sin_real	nonzero	?
sin_real	nonnegative	?
sin_real	nonpositive	?
sin_real	finite	T
sin_real	even	?
sin_real	odd	?
sin_real	complex	T
sin_real	imaginary	F
sin_real	prime	?
sin_real	composite	?
sin_real	irrational	?
sin_real	algebraic	?
sin_real	transcendental	?
sin_real	extended_real	T
sin_real	infinite	F
sin_real	extended_positive	?
sin_real	extended_negative	?
sin_real	extended_nonnegative	?
sin_real	extended_nonpositive	?
sin_real	hermitian	T
sin_real	antihermitian	?
sin_real	commutative	T
